ZCR Mean,ZCR Median,ZCR Std Deviasi,ZCR Skewness,ZCR Kurtosis
0.15176532451923078,0.080322265625,0.16379349880207456,1.9135942868402638,2.4008354729602193
