ZCR Mean,ZCR Median,ZCR Std Deviasi,ZCR Skewness,ZCR Kurtosis
0.13644080528846153,0.083251953125,0.16410868278736152,2.1353799237564663,3.069949215560851
