ZCR Mean,ZCR Median,ZCR Std Deviasi,ZCR Skewness,ZCR Kurtosis
0.10439253826530612,0.051513671875,0.14562585496787098,2.193507664665511,3.424810929977384
